<?xml version="1.0" encoding="UTF-8" ?>
  <XMLDB PATH="lib/editor/atto/plugins/reciteditor/db" VERSION="2021060700" COMMENT="XMLDB file for Moodle lib/editor/atto/plugins/reciteditor">
    <TABLES>
      <TABLE NAME="atto_reciteditor_templates" COMMENT="This table stores the user templates">
        <FIELDS>
          <FIELD NAME="id" TYPE="int" LENGTH="10" NOTNULL="true" SEQUENCE="true" />
          <FIELD NAME="name" TYPE="char" LENGTH="255" NOTNULL="true" />
          <FIELD NAME="userid" TYPE="int" LENGTH="10" NOTNULL="true" />
          <FIELD NAME="htmlstr" TYPE="text" NOTNULL="false" />
          <FIELD NAME="type" TYPE="char" LENGTH="25" NOTNULL="true" />
          <FIELD NAME="img" TYPE="text" NOTNULL="false" />
        </FIELDS>
        <KEYS>
          <KEY NAME="primary" TYPE="primary" FIELDS="id" />
        </KEYS>
      </TABLE>
    </TABLES>
  </XMLDB>